{
    "runtime": 2.0,
    "mechanic_dt": 2.44140625e-07,
    "samp_rate": 128000.0,
    "mass": 2.5e-5,
    "spring_coef": 859.1382065499873,
    "damping_coef": 0.002526815470516618,
    "initial_state": [
        0.0,
        0.0
    ],
    "a1": 9.0,
    "a2": 28.0,
    "a3": 1.667,
    "a4": 0.1667,
    "a5": 0.0093,
    "b1": 5.5051e-5,
    "b2": 0.005,
    "C0": 50.8e-12,
    "Cf_comment": "Feedback capacitance in OpAmp. Used in C/V. ",
    "Cf": 11e-12,
    "gap": 1.545e-06,
    "v_ref": 4,
    "duty_cycle": 0.5
}